H&B,가공식품,가정용품,간식,건강/기호식품,공병공박스,과자,기타,냉동,냉장,담배,디저트,맥주,면,문구/완구,미디어 상품,미반,미용/화장품,빵,서비스 상품,소모품,신문,신선,아이스크림,안주,약품/의료품,양주와인,완구_삭제예정,위생용품,유음료,음료,일용잡화,전통주,조리빵,조미료/건물,즉석 식품,즉석음료,커피/차,패션잡화
면도용품,가공미반류,방향제,냉장간식,건강/이너뷰티,공병공박스,껌,기타,냉동간편식,(구)과일야채,국산담배,가공과일,국산맥주,봉지면,기타문구,경마지,김밥,남성화장품,간식빵,기타,POSA기프트카드,경마지_삭제,과일,고급,기타,병원용품,리쿼,계절완구,기저귀,가공우유,기능성드링크,건전지,기타전통주,샌드위치,건해산물,즉석간식,기타음료_삭제예정,선물세트,선물세트
샴푸/린스,기타,살충제,냉장피자,선물세트,공상자,비스킷류,봉투보증금,냉동디저트,냉장간식,외산담배,냉동디저트,무알콜맥주,용기면,기타완구,균일가_삭제,도시락,미용소품,구움과자,선물세트,가구/비품,일간신문_삭제,수축산/계란,노벨티,너트류,선물세트,선물세트,아동완구,생리대,기능성우유,생수,담배관련용품,막걸리,샐러드모닝랩,분말가루,즉석조리,세븐카페,,스타킹
선물세트,상온간편식,선물세트,샐러드(삭제예정),숙취해소제,음료공병,스낵류,판촉물,냉동만두,냉장간편식,전자담배,냉장베이커리,생맥주,,노트/봉투,단행본,삼각김밥,선물세트,식빵,쓰레기봉투,고지물,주간신문_삭제,쌀/잡곡,홈타입,농산안주,안전상비의약품,양주,특수점완구,선물세트,냉장주스,선물세트,반려동물용품,선물세트,햄버거,선물세트,즉석치킨,얼음,,시즌/소품
여행용상품,선물세트,세제류,조리면,원컵,주류공병,젤리류,,신선냉동,냉장안주,전자담배용 주변기기,떡,선물세트,,사무용품,선물세트,샐러드,여성화장품,전자렌지용찐빵,예수금,뉴포맷점포 소모품,,야채,,생선류,의료기기,와인,폭죽/파티,티슈,두유,스포츠음료,선물세트,소주,,소스류,즉석치킨(삭제예정),컨셉카페,,양말
치약,캔,욕실용품,,쨈/꿀,,초콜릿,,조리냉동,,,시즌케익,수입맥주,,선물세트,신문,초밥류,헤어스타일링,프리미엄,유가증권,소모용포장지,,,,스낵안주,의약외품,하이볼,,,요구르트,전통음료,우산,,,식용유지,,파우치,,팬티/내의
칫솔,,주방용품,,차,,캔디류,,,,,젤리,,,일반문구,음반,푸드 간편식,,호빵,일반서비스,오뎅비정기판매용소모품,,,,오징어,,,,,유제품,주스,자동차용품,,,장류,,,,
칫솔치약세트,,청소/작업용품,,커피,,프로틴/시리얼,,,,,,,,일반완구,잡지,,,,지로수납,오뎅정기판매용소모품,,,,육포,,,,,컵커피,차음료,전기용품,,,조미료,,,,
화장비누/바디클렌저,,행락용품,,,,,,,,,,,,직배완구,특수점서적,,,,택배SERVICE,유니폼,,,,,,,,,프로틴 음료,커피음료,제주직배,,,팝콘,,,,
,,,,,,,,,,,,,,학용품_삭제,핸디북,,,,,유지보수품,,,,,,,,,흰우유,탄산음료,취미용품,,,,,,,
,,,,,,,,,,,,,,,,,,,,일반소모품,,,,,,,,,,,휴대폰/주변기기,,,,,,,
,,,,,,,,,,,,,,,,,,,,일코노미,,,,,,,,,,,,,,,,,,
,,,,,,,,,,,,,,,,,,,,판매용소모품,,,,,,,,,,,,,,,,,,
